{
  "ecodms": {
    "ECODMSurl": "https://MEINESERVERADRESSE/api/",
    "ECODMSuser": "ecodms",
    "ECODMSpw": null,
    "ECODMSabort_on_ssl_error": false,
    "export_to": "excel",
    "export_path": "C:\\ecoDMS Daten\\Export_ecoDMS",
    "export_open": true,
    "paths": {
      "Sonstiges": "C:\\Daten\\Daten\\ecoDMS Export\\Sonstiges"
    },
    "excel": {
      "do_format": true,
      "table_style": "TableStyleMedium2"
    },
    "ECODMStoken": ""
  },
  "gui": {
    "theme": "blau",
    "buttons": [
      {
        "funktion": "Benutzer Export",
        "text": "Benutzer Export",
        "show": true
      },
      {
        "funktion": "Ordner Export",
        "text": "Ordner Export",
        "show": true
      },
      {
        "funktion": "Ordner Rollen Export",
        "text": "Ordner Zugr. Rollen",
        "show": true
      },
      {
        "funktion": "Ordner Benutzer Export",
        "text": "Ordner Zugr. Benutzer",
        "show": true
      },
      {
        "funktion": "Status Export",
        "text": "Status Export",
        "show": true
      },
      {
        "funktion": "Typen Export",
        "text": "Typen Export",
        "show": true
      },
      {
        "funktion": "Konfigurieren",
        "text": "Konfigurieren",
        "show": true
      }
    ]
  },
  "license": ""
}